Name,Portal,Domain URL,Username,Password,Slug
anilvaja,Admin,http://internationalsportssolutions.test/admin,anilvaja.007@gmail.com,password,mahavir-sports
John Smith,Academy,http://internationalsportssolutions.test/academy,john.smith@mahavirsportsacademy.com,password,mahavir-sports
Sarah Johnson,Academy,http://internationalsportssolutions.test/academy,sarah.johnson@mahavirsportsacademy.com,password123,mahavir-sports
Sardar Martial Arts Academy Admin,Academy,http://internationalsportssolutions.test/academy,admin@sardar-martial-arts.com,password,sardar-martial-arts
Lions Basketball Academy Admin,Academy,http://internationalsportssolutions.test/academy,admin@lions-basketball.com,password,lions-basketball
Gujarat Swimming Club Admin,Academy,http://internationalsportssolutions.test/academy,admin@gujarat-swimming.com,password,gujarat-swimming
Rajkot Tennis Academy Admin,Academy,http://internationalsportssolutions.test/academy,admin@rajkot-tennis.com,password,rajkot-tennis
Diamond Cricket Academy Admin,Academy,http://internationalsportssolutions.test/academy,admin@diamond-cricket.com,password,diamond-cricket
Kutch Football Academy Admin,Academy,http://internationalsportssolutions.test/academy,admin@kutch-football.com,password,kutch-football
Raj Trivedi,Student,http://internationalsportssolutions.test/student,raj.trivedi795@gmail.com,password123,ISS260001
Vihaan Kothari,Student,http://internationalsportssolutions.test/student,vihaan.kothari720@gmail.com,password123,ISS260002
Anika Vyas,Student,http://internationalsportssolutions.test/student,anika.vyas162@gmail.com,password123,ISS260003
Vikram Shukla,Student,http://internationalsportssolutions.test/student,vikram.shukla153@gmail.com,password123,ISS260004
Priya Desai,Student,http://internationalsportssolutions.test/student,priya.desai3@gmail.com,password123,ISS260005
Kavya Sharma,Student,http://internationalsportssolutions.test/student,kavya.sharma532@gmail.com,password123,ISS260006
Aditya Agarwal,Student,http://internationalsportssolutions.test/student,aditya.agarwal663@gmail.com,password123,ISS260007
Sara Shukla,Student,http://internationalsportssolutions.test/student,sara.shukla276@gmail.com,password123,ISS260008
Geeta Mehta,Student,http://internationalsportssolutions.test/student,geeta.mehta84@gmail.com,password123,ISS260009
Avni Pandya,Student,http://internationalsportssolutions.test/student,avni.pandya650@gmail.com,password123,ISS260010
Amit Agarwal,Student,http://internationalsportssolutions.test/student,amit.agarwal110@gmail.com,password123,ISS260011
Kiran Modi,Student,http://internationalsportssolutions.test/student,kiran.modi144@gmail.com,password123,ISS260012
Advik Bhatt,Student,http://internationalsportssolutions.test/student,advik.bhatt790@gmail.com,password123,ISS260013
Diya Parikh,Student,http://internationalsportssolutions.test/student,diya.parikh190@gmail.com,password123,ISS260014
Rohan Modi,Student,http://internationalsportssolutions.test/student,rohan.modi522@gmail.com,password123,ISS260015
Neha Raval,Student,http://internationalsportssolutions.test/student,neha.raval677@gmail.com,password123,ISS260016
Sita Shukla,Student,http://internationalsportssolutions.test/student,sita.shukla704@gmail.com,password123,ISS260017
Rani Trivedi,Student,http://internationalsportssolutions.test/student,rani.trivedi795@gmail.com,password123,ISS260018
Atharv Mehta,Student,http://internationalsportssolutions.test/student,atharv.mehta793@gmail.com,password123,ISS260019
Raj Chauhan,Student,http://internationalsportssolutions.test/student,raj.chauhan61@gmail.com,password123,ISS260020
Amit Agarwal,Student,http://internationalsportssolutions.test/student,amit.agarwal143@gmail.com,password123,ISS260021
Asha Solanki,Student,http://internationalsportssolutions.test/student,asha.solanki461@gmail.com,password123,ISS260022
Krishna Agarwal,Student,http://internationalsportssolutions.test/student,krishna.agarwal583@gmail.com,password123,ISS260023
Dhruv Patel,Student,http://internationalsportssolutions.test/student,dhruv.patel833@gmail.com,password123,ISS260024
Amit Jadeja,Student,http://internationalsportssolutions.test/student,amit.jadeja752@gmail.com,password123,ISS260025
Suresh Trivedi,Student,http://internationalsportssolutions.test/student,suresh.trivedi311@gmail.com,password123,ISS260026
Nikhil Joshi,Student,http://internationalsportssolutions.test/student,nikhil.joshi436@gmail.com,password123,ISS260027
Sita Agarwal,Student,http://internationalsportssolutions.test/student,sita.agarwal428@gmail.com,password123,ISS260028
Deepika Shukla,Student,http://internationalsportssolutions.test/student,deepika.shukla976@gmail.com,password123,ISS260029
Sai Joshi,Student,http://internationalsportssolutions.test/student,sai.joshi93@gmail.com,password123,ISS260030
Sita Patel,Student,http://internationalsportssolutions.test/student,sita.patel723@gmail.com,password123,ISS260031
Ishaan Mehta,Student,http://internationalsportssolutions.test/student,ishaan.mehta162@gmail.com,password123,ISS260032
Suresh Desai,Student,http://internationalsportssolutions.test/student,suresh.desai904@gmail.com,password123,ISS260033
Asha Joshi,Student,http://internationalsportssolutions.test/student,asha.joshi744@gmail.com,password123,ISS260034
Myra Raval,Student,http://internationalsportssolutions.test/student,myra.raval781@gmail.com,password123,ISS260035
Nisha Rathod,Student,http://internationalsportssolutions.test/student,nisha.rathod211@gmail.com,password123,ISS260036
Deepika Kothari,Student,http://internationalsportssolutions.test/student,deepika.kothari296@gmail.com,password123,ISS260037
Meera Gohil,Student,http://internationalsportssolutions.test/student,meera.gohil258@gmail.com,password123,ISS260038
Vihaan Dave,Student,http://internationalsportssolutions.test/student,vihaan.dave259@gmail.com,password123,ISS260039
Suresh Dave,Student,http://internationalsportssolutions.test/student,suresh.dave282@gmail.com,password123,ISS260040
Parth Parikh,Student,http://internationalsportssolutions.test/student,parth.parikh328@gmail.com,password123,ISS260041
Atharv Joshi,Student,http://internationalsportssolutions.test/student,atharv.joshi920@gmail.com,password123,ISS260042
Geeta Parikh,Student,http://internationalsportssolutions.test/student,geeta.parikh569@gmail.com,password123,ISS260043
Aryan Thakkar,Student,http://internationalsportssolutions.test/student,aryan.thakkar610@gmail.com,password123,ISS260044
Shreya Shukla,Student,http://internationalsportssolutions.test/student,shreya.shukla392@gmail.com,password123,ISS260045
Saanvi Shah,Student,http://internationalsportssolutions.test/student,saanvi.shah642@gmail.com,password123,ISS260046
Sara Chauhan,Student,http://internationalsportssolutions.test/student,sara.chauhan614@gmail.com,password123,ISS260047
Pari Agarwal,Student,http://internationalsportssolutions.test/student,pari.agarwal541@gmail.com,password123,ISS260048
Dhruv Bhatt,Student,http://internationalsportssolutions.test/student,dhruv.bhatt730@gmail.com,password123,ISS260049
Arjun Shukla,Student,http://internationalsportssolutions.test/student,arjun.shukla655@gmail.com,password123,ISS260050
Neha Agarwal,Student,http://internationalsportssolutions.test/student,neha.agarwal689@gmail.com,password123,ISS260051
Aditya Jadeja,Student,http://internationalsportssolutions.test/student,aditya.jadeja219@gmail.com,password123,ISS260052
Diya Shah,Student,http://internationalsportssolutions.test/student,diya.shah939@gmail.com,password123,ISS260053
Saanvi Sharma,Student,http://internationalsportssolutions.test/student,saanvi.sharma665@gmail.com,password123,ISS260054
Geeta Sharma,Student,http://internationalsportssolutions.test/student,geeta.sharma518@gmail.com,password123,ISS260055
Ved Modi,Student,http://internationalsportssolutions.test/student,ved.modi869@gmail.com,password123,ISS260056
Aadhya Jadeja,Student,http://internationalsportssolutions.test/student,aadhya.jadeja880@gmail.com,password123,ISS260057
Vivaan Modi,Student,http://internationalsportssolutions.test/student,vivaan.modi932@gmail.com,password123,ISS260058
Vikram Vyas,Student,http://internationalsportssolutions.test/student,vikram.vyas394@gmail.com,password123,ISS260059
Pooja Modi,Student,http://internationalsportssolutions.test/student,pooja.modi925@gmail.com,password123,ISS260060
Ankit Jadeja,Student,http://internationalsportssolutions.test/student,ankit.jadeja502@gmail.com,password123,ISS260061
Saanvi Joshi,Student,http://internationalsportssolutions.test/student,saanvi.joshi606@gmail.com,password123,ISS260062
Avni Joshi,Student,http://internationalsportssolutions.test/student,avni.joshi967@gmail.com,password123,ISS260063
Deepika Modi,Student,http://internationalsportssolutions.test/student,deepika.modi625@gmail.com,password123,ISS260064
Karan Agarwal,Student,http://internationalsportssolutions.test/student,karan.agarwal17@gmail.com,password123,ISS260065
Sita Mehta,Student,http://internationalsportssolutions.test/student,sita.mehta956@gmail.com,password123,ISS260066
Kavya Shah,Student,http://internationalsportssolutions.test/student,kavya.shah382@gmail.com,password123,ISS260067
Rohan Bhatt,Student,http://internationalsportssolutions.test/student,rohan.bhatt332@gmail.com,password123,ISS260068
Advik Desai,Student,http://internationalsportssolutions.test/student,advik.desai125@gmail.com,password123,ISS260069
Avni Pandya,Student,http://internationalsportssolutions.test/student,avni.pandya983@gmail.com,password123,ISS260070
Nisha Gohil,Student,http://internationalsportssolutions.test/student,nisha.gohil550@gmail.com,password123,ISS260071
Ananya Patel,Student,http://internationalsportssolutions.test/student,ananya.patel981@gmail.com,password123,ISS260072
Parth Mehta,Student,http://internationalsportssolutions.test/student,parth.mehta768@gmail.com,password123,ISS260073
Harsh Shukla,Student,http://internationalsportssolutions.test/student,harsh.shukla491@gmail.com,password123,ISS260074
Saanvi Mehta,Student,http://internationalsportssolutions.test/student,saanvi.mehta208@gmail.com,password123,ISS260075
Raj Agarwal,Student,http://internationalsportssolutions.test/student,raj.agarwal863@gmail.com,password123,ISS260076
Rohan Desai,Student,http://internationalsportssolutions.test/student,rohan.desai66@gmail.com,password123,ISS260077
Ananya Gohil,Student,http://internationalsportssolutions.test/student,ananya.gohil62@gmail.com,password123,ISS260078
Ankit Agarwal,Student,http://internationalsportssolutions.test/student,ankit.agarwal329@gmail.com,password123,ISS260079
Nikhil Mehta,Student,http://internationalsportssolutions.test/student,nikhil.mehta585@gmail.com,password123,ISS260080
Sai Agarwal,Student,http://internationalsportssolutions.test/student,sai.agarwal473@gmail.com,password123,ISS260081
Geeta Bhatt,Student,http://internationalsportssolutions.test/student,geeta.bhatt271@gmail.com,password123,ISS260082
Geeta Bhatt,Student,http://internationalsportssolutions.test/student,geeta.bhatt437@gmail.com,password123,ISS260083
Ankit Parikh,Student,http://internationalsportssolutions.test/student,ankit.parikh269@gmail.com,password123,ISS260084
Avni Jadeja,Student,http://internationalsportssolutions.test/student,avni.jadeja869@gmail.com,password123,ISS260085
Sita Sharma,Student,http://internationalsportssolutions.test/student,sita.sharma363@gmail.com,password123,ISS260086
Ankit Parikh,Student,http://internationalsportssolutions.test/student,ankit.parikh831@gmail.com,password123,ISS260087
Ishaan Raval,Student,http://internationalsportssolutions.test/student,ishaan.raval56@gmail.com,password123,ISS260088
Vikram Jadeja,Student,http://internationalsportssolutions.test/student,vikram.jadeja714@gmail.com,password123,ISS260089
Dhruv Sharma,Student,http://internationalsportssolutions.test/student,dhruv.sharma24@gmail.com,password123,ISS260090
Ananya Chauhan,Student,http://internationalsportssolutions.test/student,ananya.chauhan89@gmail.com,password123,ISS260091
Geeta Gohil,Student,http://internationalsportssolutions.test/student,geeta.gohil940@gmail.com,password123,ISS260092
Vihaan Parikh,Student,http://internationalsportssolutions.test/student,vihaan.parikh299@gmail.com,password123,ISS260093
Shaurya Joshi,Student,http://internationalsportssolutions.test/student,shaurya.joshi634@gmail.com,password123,ISS260094
Diya Dave,Student,http://internationalsportssolutions.test/student,diya.dave699@gmail.com,password123,ISS260095
Sai Vyas,Student,http://internationalsportssolutions.test/student,sai.vyas603@gmail.com,password123,ISS260096
Anika Vyas,Student,http://internationalsportssolutions.test/student,anika.vyas638@gmail.com,password123,ISS260097
Aadhya Suthar,Student,http://internationalsportssolutions.test/student,aadhya.suthar545@gmail.com,password123,ISS260098
Harsh Suthar,Student,http://internationalsportssolutions.test/student,harsh.suthar434@gmail.com,password123,ISS260099
Avni Modi,Student,http://internationalsportssolutions.test/student,avni.modi729@gmail.com,password123,ISS260100
Saanvi Suthar,Student,http://internationalsportssolutions.test/student,saanvi.suthar874@gmail.com,password123,ISS260101
Sita Amin,Student,http://internationalsportssolutions.test/student,sita.amin60@gmail.com,password123,ISS260102
Asha Thakkar,Student,http://internationalsportssolutions.test/student,asha.thakkar608@gmail.com,password123,ISS260103
Asha Suthar,Student,http://internationalsportssolutions.test/student,asha.suthar775@gmail.com,password123,ISS260104
Vikram Pandya,Student,http://internationalsportssolutions.test/student,vikram.pandya760@gmail.com,password123,ISS260105
Nisha Kothari,Student,http://internationalsportssolutions.test/student,nisha.kothari592@gmail.com,password123,ISS260106
Vivaan Jadeja,Student,http://internationalsportssolutions.test/student,vivaan.jadeja516@gmail.com,password123,ISS260107
Pari Gohil,Student,http://internationalsportssolutions.test/student,pari.gohil587@gmail.com,password123,ISS260108
Raj Chauhan,Student,http://internationalsportssolutions.test/student,raj.chauhan199@gmail.com,password123,ISS260109
Riya Pandya,Student,http://internationalsportssolutions.test/student,riya.pandya836@gmail.com,password123,ISS260110
Amit Patel,Student,http://internationalsportssolutions.test/student,amit.patel429@gmail.com,password123,ISS260111
Aryan Raval,Student,http://internationalsportssolutions.test/student,aryan.raval427@gmail.com,password123,ISS260112
Parth Sharma,Student,http://internationalsportssolutions.test/student,parth.sharma623@gmail.com,password123,ISS260113
Ishaan Parikh,Student,http://internationalsportssolutions.test/student,ishaan.parikh991@gmail.com,password123,ISS260114
Saanvi Pandya,Student,http://internationalsportssolutions.test/student,saanvi.pandya698@gmail.com,password123,ISS260115
Kavya Joshi,Student,http://internationalsportssolutions.test/student,kavya.joshi347@gmail.com,password123,ISS260116
Aarav Shah,Student,http://internationalsportssolutions.test/student,aarav.shah101@gmail.com,password123,ISS260117
Amit Agarwal,Student,http://internationalsportssolutions.test/student,amit.agarwal151@gmail.com,password123,ISS260118
Nikhil Agarwal,Student,http://internationalsportssolutions.test/student,nikhil.agarwal932@gmail.com,password123,ISS260119
Ravi Desai,Student,http://internationalsportssolutions.test/student,ravi.desai397@gmail.com,password123,ISS260120
Atharv Solanki,Student,http://internationalsportssolutions.test/student,atharv.solanki757@gmail.com,password123,ISS260121
Harsh Trivedi,Student,http://internationalsportssolutions.test/student,harsh.trivedi855@gmail.com,password123,ISS260122
Karan Rathod,Student,http://internationalsportssolutions.test/student,karan.rathod418@gmail.com,password123,ISS260123
Vivaan Sharma,Student,http://internationalsportssolutions.test/student,vivaan.sharma431@gmail.com,password123,ISS260124
Dhruv Sharma,Student,http://internationalsportssolutions.test/student,dhruv.sharma616@gmail.com,password123,ISS260125
Geeta Dave,Student,http://internationalsportssolutions.test/student,geeta.dave214@gmail.com,password123,ISS260126
Ved Bhatt,Student,http://internationalsportssolutions.test/student,ved.bhatt780@gmail.com,password123,ISS260127
Deepika Dave,Student,http://internationalsportssolutions.test/student,deepika.dave466@gmail.com,password123,ISS260128
Pooja Thakkar,Student,http://internationalsportssolutions.test/student,pooja.thakkar947@gmail.com,password123,ISS260129
Geeta Vyas,Student,http://internationalsportssolutions.test/student,geeta.vyas613@gmail.com,password123,ISS260130
Kavya Amin,Student,http://internationalsportssolutions.test/student,kavya.amin39@gmail.com,password123,ISS260131
Kiran Solanki,Student,http://internationalsportssolutions.test/student,kiran.solanki764@gmail.com,password123,ISS260132
Karan Thakkar,Student,http://internationalsportssolutions.test/student,karan.thakkar472@gmail.com,password123,ISS260133
Krishna Sharma,Student,http://internationalsportssolutions.test/student,krishna.sharma418@gmail.com,password123,ISS260134
Pari Modi,Student,http://internationalsportssolutions.test/student,pari.modi571@gmail.com,password123,ISS260135
Nikhil Bhatt,Student,http://internationalsportssolutions.test/student,nikhil.bhatt313@gmail.com,password123,ISS260136
Ved Joshi,Student,http://internationalsportssolutions.test/student,ved.joshi820@gmail.com,password123,ISS260137
Atharv Solanki,Student,http://internationalsportssolutions.test/student,atharv.solanki984@gmail.com,password123,ISS260138
Sai Thakkar,Student,http://internationalsportssolutions.test/student,sai.thakkar188@gmail.com,password123,ISS260139
Ved Joshi,Student,http://internationalsportssolutions.test/student,ved.joshi14@gmail.com,password123,ISS260140
Suresh Suthar,Student,http://internationalsportssolutions.test/student,suresh.suthar442@gmail.com,password123,ISS260141
Ishaan Pandya,Student,http://internationalsportssolutions.test/student,ishaan.pandya28@gmail.com,password123,ISS260142
Asha Agarwal,Student,http://internationalsportssolutions.test/student,asha.agarwal273@gmail.com,password123,ISS260143
Aadhya Vyas,Student,http://internationalsportssolutions.test/student,aadhya.vyas238@gmail.com,password123,ISS260144
Sara Dave,Student,http://internationalsportssolutions.test/student,sara.dave571@gmail.com,password123,ISS260145
Aarav Amin,Student,http://internationalsportssolutions.test/student,aarav.amin144@gmail.com,password123,ISS260146
Saanvi Shah,Student,http://internationalsportssolutions.test/student,saanvi.shah161@gmail.com,password123,ISS260147
Arjun Trivedi,Student,http://internationalsportssolutions.test/student,arjun.trivedi564@gmail.com,password123,ISS260148
Raj Rathod,Student,http://internationalsportssolutions.test/student,raj.rathod312@gmail.com,password123,ISS260149
Vivaan Amin,Student,http://internationalsportssolutions.test/student,vivaan.amin644@gmail.com,password123,ISS260150
